{
  "__type__": "cc.SpriteFrame",
  "content": {
    "name": "crocodile_oral_bottom",
    "atlas": "",
    "rect": {
      "x": 27,
      "y": 0,
      "width": 1153,
      "height": 838
    },
    "offset": {
      "x": -36.5,
      "y": 31
    },
    "originalSize": {
      "width": 1280,
      "height": 900
    },
    "rotated": false,
    "capInsets": [
      0,
      0,
      0,
      0
    ],
    "vertices": {
      "rawPosition": [
        -576.5,
        -419,
        0,
        576.5,
        -419,
        0,
        -576.5,
        419,
        0,
        576.5,
        419,
        0
      ],
      "indexes": [
        0,
        1,
        2,
        2,
        1,
        3
      ],
      "uv": [
        27,
        900,
        1180,
        900,
        27,
        62,
        1180,
        62
      ],
      "nuv": [
        0.02109375,
        0.06888888888888889,
        0.921875,
        0.06888888888888889,
        0.02109375,
        1,
        0.921875,
        1
      ],
      "minPos": {
        "x": -576.5,
        "y": -419,
        "z": 0
      },
      "maxPos": {
        "x": 576.5,
        "y": 419,
        "z": 0
      }
    },
    "texture": "d5cf63f1-a35d-497d-87ab-437e6bfaef78@6c48a",
    "packable": true,
    "pixelsToUnit": 100,
    "pivot": {
      "x": 0.5,
      "y": 0.5
    },
    "meshType": 0
  }
}