{
  "__type__": "cc.SpriteFrame",
  "content": {
    "name": "crocodile_oral_top",
    "atlas": "",
    "rect": {
      "x": 0,
      "y": 102,
      "width": 1280,
      "height": 798
    },
    "offset": {
      "x": 0,
      "y": -51
    },
    "originalSize": {
      "width": 1280,
      "height": 900
    },
    "rotated": false,
    "capInsets": [
      0,
      0,
      0,
      0
    ],
    "vertices": {
      "rawPosition": [
        -640,
        -399,
        0,
        640,
        -399,
        0,
        -640,
        399,
        0,
        640,
        399,
        0
      ],
      "indexes": [
        0,
        1,
        2,
        2,
        1,
        3
      ],
      "uv": [
        0,
        798,
        1280,
        798,
        0,
        0,
        1280,
        0
      ],
      "nuv": [
        0,
        0,
        1,
        0,
        0,
        0.8866666666666667,
        1,
        0.8866666666666667
      ],
      "minPos": {
        "x": -640,
        "y": -399,
        "z": 0
      },
      "maxPos": {
        "x": 640,
        "y": 399,
        "z": 0
      }
    },
    "texture": "70cd486e-f476-4fa7-a0be-2fd9956a1c3b@6c48a",
    "packable": true,
    "pixelsToUnit": 100,
    "pivot": {
      "x": 0.5,
      "y": 0.5
    },
    "meshType": 0
  }
}