{
  "__type__": "cc.SpriteFrame",
  "content": {
    "name": "show_btn_arrow",
    "atlas": "",
    "rect": {
      "x": 41,
      "y": 32,
      "width": 39,
      "height": 25
    },
    "offset": {
      "x": 0.5,
      "y": -4.5
    },
    "originalSize": {
      "width": 120,
      "height": 80
    },
    "rotated": false,
    "capInsets": [
      0,
      0,
      0,
      0
    ],
    "vertices": {
      "rawPosition": [
        -19.5,
        -12.5,
        0,
        19.5,
        -12.5,
        0,
        -19.5,
        12.5,
        0,
        19.5,
        12.5,
        0
      ],
      "indexes": [
        0,
        1,
        2,
        2,
        1,
        3
      ],
      "uv": [
        41,
        48,
        80,
        48,
        41,
        23,
        80,
        23
      ],
      "nuv": [
        0.3416666666666667,
        0.2875,
        0.6666666666666666,
        0.2875,
        0.3416666666666667,
        0.6,
        0.6666666666666666,
        0.6
      ],
      "minPos": {
        "x": -19.5,
        "y": -12.5,
        "z": 0
      },
      "maxPos": {
        "x": 19.5,
        "y": 12.5,
        "z": 0
      }
    },
    "texture": "d2e97083-eb33-47d3-8a82-b9ab580d5b40@6c48a",
    "packable": true,
    "pixelsToUnit": 100,
    "pivot": {
      "x": 0.5,
      "y": 0.5
    },
    "meshType": 0
  }
}