{
  "__type__": "cc.SpriteFrame",
  "content": {
    "name": "ad_bg",
    "atlas": "",
    "rect": {
      "x": 0,
      "y": 1,
      "width": 640,
      "height": 119
    },
    "offset": {
      "x": 0,
      "y": -0.5
    },
    "originalSize": {
      "width": 640,
      "height": 120
    },
    "rotated": false,
    "capInsets": [
      0,
      0,
      0,
      0
    ],
    "vertices": {
      "rawPosition": [
        -320,
        -59.5,
        0,
        320,
        -59.5,
        0,
        -320,
        59.5,
        0,
        320,
        59.5,
        0
      ],
      "indexes": [
        0,
        1,
        2,
        2,
        1,
        3
      ],
      "uv": [
        0,
        119,
        640,
        119,
        0,
        0,
        640,
        0
      ],
      "nuv": [
        0,
        0,
        1,
        0,
        0,
        0.9916666666666667,
        1,
        0.9916666666666667
      ],
      "minPos": {
        "x": -320,
        "y": -59.5,
        "z": 0
      },
      "maxPos": {
        "x": 320,
        "y": 59.5,
        "z": 0
      }
    },
    "texture": "639f1607-acba-4673-bf7b-cdec7137e2df@6c48a",
    "packable": true,
    "pixelsToUnit": 100,
    "pivot": {
      "x": 0.5,
      "y": 0.5
    },
    "meshType": 0
  }
}