{
  "__type__": "cc.SpriteFrame",
  "content": {
    "name": "info_bg",
    "atlas": "",
    "rect": {
      "x": 1,
      "y": 0,
      "width": 319,
      "height": 50
    },
    "offset": {
      "x": 0.5,
      "y": 5
    },
    "originalSize": {
      "width": 320,
      "height": 60
    },
    "rotated": false,
    "capInsets": [
      0,
      0,
      0,
      0
    ],
    "vertices": {
      "rawPosition": [
        -159.5,
        -25,
        0,
        159.5,
        -25,
        0,
        -159.5,
        25,
        0,
        159.5,
        25,
        0
      ],
      "indexes": [
        0,
        1,
        2,
        2,
        1,
        3
      ],
      "uv": [
        1,
        60,
        320,
        60,
        1,
        10,
        320,
        10
      ],
      "nuv": [
        0.003125,
        0.16666666666666666,
        1,
        0.16666666666666666,
        0.003125,
        1,
        1,
        1
      ],
      "minPos": {
        "x": -159.5,
        "y": -25,
        "z": 0
      },
      "maxPos": {
        "x": 159.5,
        "y": 25,
        "z": 0
      }
    },
    "texture": "f0ef6dcc-c09a-4600-a7b2-78e683110cbc@6c48a",
    "packable": true,
    "pixelsToUnit": 100,
    "pivot": {
      "x": 0.5,
      "y": 0.5
    },
    "meshType": 0
  }
}