{
  "__type__": "cc.SpriteFrame",
  "content": {
    "name": "crocodile",
    "atlas": "",
    "rect": {
      "x": 0,
      "y": 43,
      "width": 1280,
      "height": 1146
    },
    "offset": {
      "x": 0,
      "y": 24
    },
    "originalSize": {
      "width": 1280,
      "height": 1280
    },
    "rotated": false,
    "capInsets": [
      0,
      0,
      0,
      0
    ],
    "vertices": {
      "rawPosition": [
        -640,
        -573,
        0,
        640,
        -573,
        0,
        -640,
        573,
        0,
        640,
        573,
        0
      ],
      "indexes": [
        0,
        1,
        2,
        2,
        1,
        3
      ],
      "uv": [
        0,
        1237,
        1280,
        1237,
        0,
        91,
        1280,
        91
      ],
      "nuv": [
        0,
        0.07109375,
        1,
        0.07109375,
        0,
        0.96640625,
        1,
        0.96640625
      ],
      "minPos": {
        "x": -640,
        "y": -573,
        "z": 0
      },
      "maxPos": {
        "x": 640,
        "y": 573,
        "z": 0
      }
    },
    "texture": "1f03d322-41d4-4a5c-8f0e-e0e58067b94e@6c48a",
    "packable": true,
    "pixelsToUnit": 100,
    "pivot": {
      "x": 0.5,
      "y": 0.5
    },
    "meshType": 0
  }
}